{"train_loss": 0.24654711782932281, "train_accuracy": 0.9992098808288574, "val_loss": 5.506824970245361, "val_accuracy": 0.2873903810977936, "_timestamp": 1686737516.861895, "_runtime": 2.58799409866333, "_step": 29, "_wandb": {"runtime": 58}}