{"train_loss": 1.765509843826294, "train_accuracy": 0.8141197562217712, "val_loss": 6.0142412185668945, "val_accuracy": 0.5330647230148315, "_timestamp": 1686737378.8977969, "_runtime": 2.9259848594665527, "_step": 9, "_wandb": {"runtime": 19}}