{"train_loss": 0.6281276345252991, "train_accuracy": 0.8695480227470398, "val_loss": 9.561464309692383, "val_accuracy": 0.4830528497695923, "_timestamp": 1686738967.462098, "_runtime": 2.070093870162964, "_step": 29}