{"train_loss": 1.4503847360610962, "train_accuracy": 0.6583211421966553, "val_loss": 2.889862060546875, "val_accuracy": 0.4207531809806824, "_timestamp": 1686736602.2573297, "_runtime": 3.012399673461914, "_step": 9, "_wandb": {"runtime": 78}}