{"train_loss": 0.6901278495788574, "train_accuracy": 0.8423779010772705, "val_loss": 30.998445510864258, "val_accuracy": 0.49610474705696106, "_timestamp": 1686730299.373552, "_runtime": 2.683120012283325, "_step": 14, "_wandb": {"runtime": 154}}