{"train_loss": 2.286569118499756, "train_accuracy": 0.7525284290313721, "val_loss": 7.9879961013793945, "val_accuracy": 0.5079402923583984, "_timestamp": 1686737407.575613, "_runtime": 2.9051380157470703, "_step": 9, "_wandb": {"runtime": 23}}