{"train_loss": 0.17216113209724426, "train_accuracy": 0.9999012351036072, "val_loss": 1.3192111253738403, "val_accuracy": 0.6465185284614563, "_timestamp": 1686743267.7637289, "_runtime": 2.6266238689422607, "_step": 19, "_wandb": {"runtime": 36}}