{"train_loss": 1.8080512285232544, "train_accuracy": 0.5586031675338745, "val_loss": 2.529371976852417, "val_accuracy": 0.45530951023101807, "_timestamp": 1686736793.484164, "_runtime": 2.5843350887298584, "_step": 9, "_wandb": {"runtime": 87}}