{"train_loss": 0.9851948618888855, "train_accuracy": 0.792999804019928, "val_loss": 40.728763580322266, "val_accuracy": 0.4853402376174927, "_timestamp": 1686729028.1010816, "_runtime": 2.6229586601257324, "_step": 14, "_wandb": {"runtime": 124}}