{"train_loss": 0.1763506680727005, "train_accuracy": 0.9719500541687012, "val_loss": 6.42838191986084, "val_accuracy": 0.5107845664024353, "_timestamp": 1686734529.8078365, "_runtime": 3.198413610458374, "_step": 14, "_wandb": {"runtime": 82}}