{"train_loss": 1.480867862701416, "train_accuracy": 0.643435001373291, "val_loss": 3.0120480060577393, "val_accuracy": 0.4363988935947418, "_timestamp": 1686728149.9978645, "_runtime": 6.189966440200806, "_step": 14, "_wandb": {"runtime": 257}}