{"train_loss": 0.3526704013347626, "train_accuracy": 0.9986172318458557, "val_loss": 4.620969295501709, "val_accuracy": 0.307537317276001, "_timestamp": 1686743960.6573417, "_runtime": 2.704423666000366, "_step": 19, "_wandb": {"runtime": 71}}