{"train_loss": 0.6919916868209839, "train_accuracy": 0.8357429504394531, "val_loss": 38.70169448852539, "val_accuracy": 0.4815257787704468, "_timestamp": 1686728890.9716487, "_runtime": 4.793314695358276, "_step": 14, "_wandb": {"runtime": 127}}