{"train_loss": 0.639596700668335, "train_accuracy": 0.8780025243759155, "val_loss": 8.30398941040039, "val_accuracy": 0.49016353487968445, "_timestamp": 1686738301.3655922, "_runtime": 2.589118242263794, "_step": 29, "_wandb": {"runtime": 73}}