{"train_loss": 1.181401014328003, "train_accuracy": 0.8681653141975403, "val_loss": 6.407440185546875, "val_accuracy": 0.5141333341598511, "_timestamp": 1686734346.406799, "_runtime": 2.847154140472412, "_step": 14, "_wandb": {"runtime": 98}}