{"train_loss": 0.8400412201881409, "train_accuracy": 0.8448166847229004, "val_loss": 4.458177089691162, "val_accuracy": 0.30718180537223816, "_timestamp": 1686744091.760201, "_runtime": 2.935590982437134, "_step": 19, "_wandb": {"runtime": 39}}