{"train_loss": 0.9967091083526611, "train_accuracy": 0.8473846316337585, "val_loss": 3.381243944168091, "val_accuracy": 0.31156671047210693, "_timestamp": 1686737291.0453992, "_runtime": 2.4502921104431152, "_step": 9, "_wandb": {"runtime": 20}}