{"train_loss": 0.7755748629570007, "train_accuracy": 0.9010745882987976, "val_loss": 6.255399703979492, "val_accuracy": 0.5131548047065735, "_timestamp": 1686744139.7341077, "_runtime": 2.8484017848968506, "_step": 19, "_wandb": {"runtime": 72}}