{"train_loss": 1.344050645828247, "train_accuracy": 0.6886268854141235, "val_loss": 3.110363245010376, "val_accuracy": 0.44005173444747925, "_timestamp": 1686729987.288276, "_runtime": 3.146371841430664, "_step": 14, "_wandb": {"runtime": 159}}