{"train_loss": 0.24728189408779144, "train_accuracy": 0.993481457233429, "val_loss": 1.3918899297714233, "val_accuracy": 0.644444465637207, "_timestamp": 1686743357.3998668, "_runtime": 2.305511713027954, "_step": 19, "_wandb": {"runtime": 26}}