{"train_loss": 0.4408148527145386, "train_accuracy": 0.8787160515785217, "val_loss": 0.7184984087944031, "val_accuracy": 0.7167407274246216, "_timestamp": 1686743214.4980004, "_runtime": 2.3814713954925537, "_step": 9, "_wandb": {"runtime": 9}}