{"train_loss": 1.698277473449707, "train_accuracy": 0.5865086913108826, "val_loss": 2.465974807739258, "val_accuracy": 0.46600937843322754, "_timestamp": 1686742601.6014912, "_runtime": 2.7436702251434326, "_step": 9, "_wandb": {"runtime": 185}}