{"train_loss": 1.4032217264175415, "train_accuracy": 0.7408254742622375, "val_loss": 78.6165542602539, "val_accuracy": 0.4604170024394989, "_timestamp": 1686729164.9304812, "_runtime": 2.5955922603607178, "_step": 14, "_wandb": {"runtime": 349}}