{"train_loss": 0.6369640231132507, "train_accuracy": 0.9284133911132812, "val_loss": 4.728126525878906, "val_accuracy": 0.3109741508960724, "_timestamp": 1686744039.9763954, "_runtime": 1.5062932968139648, "_step": 19, "_wandb": {"runtime": 42}}