{"train_loss": 1.1950256824493408, "train_accuracy": 0.8660714030265808, "val_loss": 6.034529209136963, "val_accuracy": 0.5207394957542419, "_timestamp": 1686734455.1818001, "_runtime": 2.886733055114746, "_step": 14, "_wandb": {"runtime": 34}}