{"train_loss": 0.4002472758293152, "train_accuracy": 0.913185179233551, "val_loss": 0.6614251136779785, "val_accuracy": 0.7327407598495483, "_timestamp": 1686743197.0598576, "_runtime": 2.3537096977233887, "_step": 9, "_wandb": {"runtime": 9}}