{"train_loss": 1.4809387922286987, "train_accuracy": 0.8142778277397156, "val_loss": 6.480204105377197, "val_accuracy": 0.5210950374603271, "_timestamp": 1686734626.1240125, "_runtime": 3.037196397781372, "_step": 14, "_wandb": {"runtime": 36}}