{"train_loss": 0.3869965672492981, "train_accuracy": 0.9401865005493164, "val_loss": 6.307647705078125, "val_accuracy": 0.5142213702201843, "_timestamp": 1686738230.5878766, "_runtime": 2.774303674697876, "_step": 29, "_wandb": {"runtime": 60}}