{"train_loss": 1.635977864265442, "train_accuracy": 0.7660478949546814, "val_loss": 21.901264190673828, "val_accuracy": 0.5056085586547852, "_timestamp": 1686742915.8568456, "_runtime": 2.19560170173645, "_step": 9, "_wandb": {"runtime": 99}}