{"train_loss": 0.5247582197189331, "train_accuracy": 0.8957411646842957, "val_loss": 7.695229530334473, "val_accuracy": 0.49360036849975586, "_timestamp": 1686738665.3931465, "_runtime": 1.9676804542541504, "_step": 29, "_wandb": {"runtime": 176}}