{"train_loss": 1.366706371307373, "train_accuracy": 0.5889696478843689, "val_loss": 2.832209825515747, "val_accuracy": 0.3171367645263672, "_timestamp": 1686737349.5447176, "_runtime": 2.6734795570373535, "_step": 9, "_wandb": {"runtime": 18}}