{"train_loss": 0.9616906046867371, "train_accuracy": 0.8561946749687195, "val_loss": 7.325931072235107, "val_accuracy": 0.5027257800102234, "_timestamp": 1686744221.2402227, "_runtime": 3.0265448093414307, "_step": 19, "_wandb": {"runtime": 81}}