{"train_loss": 0.9070450663566589, "train_accuracy": 0.8116308450698853, "val_loss": 10.771848678588867, "val_accuracy": 0.4806826114654541, "_timestamp": 1686738385.8661478, "_runtime": 2.7723617553710938, "_step": 29, "_wandb": {"runtime": 96}}