{"train_loss": 0.5930267572402954, "train_accuracy": 0.9288479685783386, "val_loss": 4.520897388458252, "val_accuracy": 0.3739037811756134, "_timestamp": 1686738077.1392875, "_runtime": 2.5879995822906494, "_step": 29, "_wandb": {"runtime": 69}}