{"train_loss": 0.8323686122894287, "train_accuracy": 0.8718394637107849, "val_loss": 3.9504261016845703, "val_accuracy": 0.3146480321884155, "_timestamp": 1686734752.8574708, "_runtime": 3.2165417671203613, "_step": 14, "_wandb": {"runtime": 42}}