{"train_loss": 0.43345364928245544, "train_accuracy": 0.9693827033042908, "val_loss": 1.2671325206756592, "val_accuracy": 0.6642962694168091, "_timestamp": 1686743180.4932165, "_runtime": 2.2305796146392822, "_step": 9, "_wandb": {"runtime": 8}}