{"train_loss": 0.4625295102596283, "train_accuracy": 0.9398518800735474, "val_loss": 1.2302981615066528, "val_accuracy": 0.6607407331466675, "_timestamp": 1686743164.018471, "_runtime": 2.5045859813690186, "_step": 9, "_wandb": {"runtime": 8}}