{"train_loss": 1.686788558959961, "train_accuracy": 0.5930142998695374, "val_loss": 2.491664409637451, "val_accuracy": 0.46280911564826965, "_timestamp": 1686736690.7655792, "_runtime": 2.4331181049346924, "_step": 9, "_wandb": {"runtime": 89}}