{"train_loss": 2.4828875064849854, "train_accuracy": 0.7237278819084167, "val_loss": 8.229150772094727, "val_accuracy": 0.5116141438484192, "_timestamp": 1686737441.7905521, "_runtime": 3.0113751888275146, "_step": 9, "_wandb": {"runtime": 65}}