{"train_loss": 0.24976271390914917, "train_accuracy": 0.9117037057876587, "val_loss": 0.5811447501182556, "val_accuracy": 0.7096296548843384, "_timestamp": 1686743475.5816245, "_runtime": 2.4685986042022705, "_step": 19, "_wandb": {"runtime": 94}}