{"train_loss": 0.22943532466888428, "train_accuracy": 0.9999209642410278, "val_loss": 5.1919379234313965, "val_accuracy": 0.3055226504802704, "_timestamp": 1686737997.759765, "_runtime": 2.7361907958984375, "_step": 29, "_wandb": {"runtime": 70}}