{"train_loss": 1.3572142124176025, "train_accuracy": 0.8209940195083618, "val_loss": 7.5083699226379395, "val_accuracy": 0.5077032446861267, "_timestamp": 1686734805.8928275, "_runtime": 2.7860524654388428, "_step": 14, "_wandb": {"runtime": 270}}