{"train_loss": 0.9677749276161194, "train_accuracy": 0.8207113146781921, "val_loss": 4.2318034172058105, "val_accuracy": 0.383481502532959, "_timestamp": 1686728423.760856, "_runtime": 5.0861499309539795, "_step": 14, "_wandb": {"runtime": 157}}