{"train_loss": 0.41232115030288696, "train_accuracy": 0.922052800655365, "val_loss": 8.166682243347168, "val_accuracy": 0.48542308807373047, "_timestamp": 1686737720.5809479, "_runtime": 3.9448888301849365, "_step": 29, "_wandb": {"runtime": 67}}