{"train_loss": 0.16971434652805328, "train_accuracy": 0.9487407207489014, "val_loss": 0.4591357111930847, "val_accuracy": 0.7238518595695496, "_timestamp": 1686743392.017449, "_runtime": 1.8519129753112793, "_step": 19, "_wandb": {"runtime": 33}}