{"train_loss": 1.0026683807373047, "train_accuracy": 0.8082253932952881, "val_loss": 4.274834632873535, "val_accuracy": 0.377307265996933, "_timestamp": 1686727610.7172105, "_runtime": 1.9956655502319336, "_step": 14, "_wandb": {"runtime": 209}}