{"train_loss": 0.6257379055023193, "train_accuracy": 0.9101611971855164, "val_loss": 5.581283092498779, "val_accuracy": 0.3046930432319641, "_timestamp": 1686737655.0562236, "_runtime": 3.5957045555114746, "_step": 29, "_wandb": {"runtime": 55}}