{"train_loss": 0.19515597820281982, "train_accuracy": 0.9988148212432861, "val_loss": 1.327704668045044, "val_accuracy": 0.656592607498169, "_timestamp": 1686743312.8181784, "_runtime": 2.599485397338867, "_step": 19, "_wandb": {"runtime": 36}}