{"train_loss": 1.0044240951538086, "train_accuracy": 0.8084031939506531, "val_loss": 4.194873809814453, "val_accuracy": 0.37898820638656616, "_timestamp": 1686727838.3084245, "_runtime": 5.006169557571411, "_step": 14, "_wandb": {"runtime": 142}}