{"train_loss": 0.4392807185649872, "train_accuracy": 0.9298356771469116, "val_loss": 7.200355529785156, "val_accuracy": 0.5026072263717651, "_timestamp": 1686738492.166048, "_runtime": 1.696390151977539, "_step": 29, "_wandb": {"runtime": 81}}