{"train_loss": 0.4456063210964203, "train_accuracy": 0.9200774431228638, "val_loss": 7.640748977661133, "val_accuracy": 0.4991704225540161, "_timestamp": 1686738587.0634503, "_runtime": 2.7999184131622314, "_step": 29, "_wandb": {"runtime": 66}}