{"train_loss": 0.610235333442688, "train_accuracy": 0.8640961050987244, "val_loss": 8.43278694152832, "val_accuracy": 0.4926522970199585, "_timestamp": 1686737880.6939294, "_runtime": 4.0877063274383545, "_step": 29, "_wandb": {"runtime": 105}}