{"train_loss": 2.2143447399139404, "train_accuracy": 0.7250826358795166, "val_loss": 23.40228271484375, "val_accuracy": 0.5064166784286499, "_timestamp": 1686736998.6198719, "_runtime": 2.5934009552001953, "_step": 9, "_wandb": {"runtime": 106}}