{"train_loss": 1.770565390586853, "train_accuracy": 0.5674201250076294, "val_loss": 2.4485929012298584, "val_accuracy": 0.4658477306365967, "_timestamp": 1686742795.6513705, "_runtime": 2.589437484741211, "_step": 9, "_wandb": {"runtime": 112}}