{"train_loss": 1.5138777494430542, "train_accuracy": 0.6330744624137878, "val_loss": 3.1348400115966797, "val_accuracy": 0.42498788237571716, "_timestamp": 1686728730.8320274, "_runtime": 2.872065544128418, "_step": 14, "_wandb": {"runtime": 147}}