{"train_loss": 2.9864864349365234, "train_accuracy": 0.6819596290588379, "val_loss": 42.36172866821289, "val_accuracy": 0.47544851899147034, "_timestamp": 1686737116.699921, "_runtime": 2.785737991333008, "_step": 9, "_wandb": {"runtime": 162}}