{"train_loss": 2.2208590507507324, "train_accuracy": 0.7243310809135437, "val_loss": 21.56080436706543, "val_accuracy": 0.5112332105636597, "_timestamp": 1686743024.4558077, "_runtime": 2.221308708190918, "_step": 9, "_wandb": {"runtime": 81}}