{"train_loss": 1.0056097507476807, "train_accuracy": 0.8068030476570129, "val_loss": 4.374472141265869, "val_accuracy": 0.3668336868286133, "_timestamp": 1686729818.438034, "_runtime": 2.9867000579833984, "_step": 14, "_wandb": {"runtime": 156}}