{"train_loss": 0.6884915232658386, "train_accuracy": 0.8396787047386169, "val_loss": 45.851707458496094, "val_accuracy": 0.47612735629081726, "_timestamp": 1686729523.2090595, "_runtime": 2.6862003803253174, "_step": 14, "_wandb": {"runtime": 148}}