{"train_loss": 1.3469804525375366, "train_accuracy": 0.6867034435272217, "val_loss": 3.095104217529297, "val_accuracy": 0.4392758905887604, "_timestamp": 1686727996.9037778, "_runtime": 5.692509889602661, "_step": 14, "_wandb": {"runtime": 133}}