{"train_loss": 0.48851847648620605, "train_accuracy": 0.9124525785446167, "val_loss": 8.227265357971191, "val_accuracy": 0.488741397857666, "_timestamp": 1686737797.373493, "_runtime": 2.6934120655059814, "_step": 29, "_wandb": {"runtime": 72}}