{"train_loss": 1.3240296840667725, "train_accuracy": 0.6954638361930847, "val_loss": 3.1253836154937744, "val_accuracy": 0.4348796010017395, "_timestamp": 1686728591.2420185, "_runtime": 2.8226475715637207, "_step": 14, "_wandb": {"runtime": 128}}