{"train_loss": 1.1365063190460205, "train_accuracy": 0.8316213488578796, "val_loss": 6.431391716003418, "val_accuracy": 0.5182507634162903, "_timestamp": 1686744311.5509079, "_runtime": 2.3700368404388428, "_step": 19}