{"train_loss": 0.9831341505050659, "train_accuracy": 0.7874881625175476, "val_loss": 68.01730346679688, "val_accuracy": 0.46400517225265503, "_timestamp": 1686730466.5027852, "_runtime": 4.183565139770508, "_step": 14, "_wandb": {"runtime": 151}}