{"train_loss": 1.508787989616394, "train_accuracy": 0.6338502764701843, "val_loss": 2.931486129760742, "val_accuracy": 0.401390016078949, "_timestamp": 1686742437.226677, "_runtime": 1.4884910583496094, "_step": 9, "_wandb": {"runtime": 154}}