{"train_loss": 0.34653809666633606, "train_accuracy": 0.9830120205879211, "val_loss": 3.6506032943725586, "val_accuracy": 0.4051907956600189, "_timestamp": 1686737585.6143637, "_runtime": 1.5838327407836914, "_step": 29, "_wandb": {"runtime": 58}}