{"train_loss": 0.5457090139389038, "train_accuracy": 0.9063684940338135, "val_loss": 6.437309265136719, "val_accuracy": 0.5135102868080139, "_timestamp": 1686738888.791996, "_runtime": 2.7216029167175293, "_step": 29, "_wandb": {"runtime": 66}}