{"train_loss": 0.20714011788368225, "train_accuracy": 0.927506148815155, "val_loss": 0.4655918478965759, "val_accuracy": 0.7333333492279053, "_timestamp": 1686743433.8623219, "_runtime": 2.6016058921813965, "_step": 19, "_wandb": {"runtime": 34}}