{"train_loss": 1.2050797939300537, "train_accuracy": 0.7242809534072876, "val_loss": 3.1027069091796875, "val_accuracy": 0.31808486580848694, "_timestamp": 1686737319.2277417, "_runtime": 1.6198256015777588, "_step": 9, "_wandb": {"runtime": 19}}