{"train_loss": 1.4397075176239014, "train_accuracy": 0.657060444355011, "val_loss": 3.0252180099487305, "val_accuracy": 0.43937286734580994, "_timestamp": 1686730157.7613578, "_runtime": 2.7341487407684326, "_step": 14, "_wandb": {"runtime": 128}}