{"train_loss": 1.350353717803955, "train_accuracy": 0.7476624250411987, "val_loss": 75.20529174804688, "val_accuracy": 0.4639405310153961, "_timestamp": 1686730629.1198466, "_runtime": 2.6256234645843506, "_step": 14, "_wandb": {"runtime": 764}}