{"train_loss": 1.061349868774414, "train_accuracy": 0.7142066955566406, "val_loss": 4.51890754699707, "val_accuracy": 0.31915146112442017, "_timestamp": 1686738156.037969, "_runtime": 2.7921981811523438, "_step": 29, "_wandb": {"runtime": 66}}