{"train_loss": 0.37993094325065613, "train_accuracy": 0.9886419773101807, "val_loss": 1.2242348194122314, "val_accuracy": 0.6749629378318787, "_timestamp": 1686743147.3244524, "_runtime": 2.490516424179077, "_step": 9, "_wandb": {"runtime": 8}}