{"train_loss": 1.5655643939971924, "train_accuracy": 0.7759881615638733, "val_loss": 21.767118453979492, "val_accuracy": 0.509713888168335, "_timestamp": 1686736890.2633348, "_runtime": 2.8796956539154053, "_step": 9, "_wandb": {"runtime": 97}}